country_rank,domain,sector,industry,position,position_industry,monthly_visits,unique_visitors,visit_duration,pages_visit,bounce_rate,desktop_frac,mobile_frac,traffic_share,traffic_share_industry,total_monthly_time,software_as_service,content_producer,user_content_platform,needs_login,charge_users,mainly_web,owner,for_profit,owner_country,cluster_2,cluster_3,cluster_4,cluster_5,cluster_6,cluster_7,cluster_8
1,google.com/search?q=cats,Computers Electronics and Technology,Search Engines,1.0,1.0,85730000000.0,3147000000.0,646.0,8.75,0.283,0.412,0.588,0.1864611,0.793,55381580000000.0,0.0,0.0,0.0,0.0,0.0,1.0,Alphabet,1.0,United States,0,2,2,2,0,6,6
2,youtube.com/results?search_query=cats,Arts and Entertainment,TV Movies and Streaming,2.0,1.0,32810000000.0,1942000000.0,1204.0,11.56,0.2162,0.779,0.221,0.0713611,0.6051,39503240000000.0,0.0,0.0,1.0,0.0,0.0,1.0,Alphabet,1.0,United States,0,2,2,2,0,6,6
6,baidu.com/s?wd=cats,Computers Electronics and Technology,Search Engines,6.0,2.0,5095000000.0,260800000.0,293.0,8.04,0.2228,0.268,0.732,0.0110815,0.0471,1492835000000.0,0.0,0.0,0.0,0.0,0.0,1.0,Baidu,1.0,China,0,2,2,2,0,6,6
8,en.wikipedia.org,Reference Materials,Dictionaries and Encyclopedias,7.0,1.0,4413000000.0,964600000.0,234.0,3.11,0.596,0.406,0.594,0.0095982,0.5642,1032642000000.0,0.0,0.0,1.0,0.0,0.0,1.0,Wikimedia,0.0,United States,0,2,2,2,0,6,6
12,yahoo.com,News and Media,News and Media,8.0,1.0,3747000000.0,415700000.0,598.0,5.29,0.3468,0.655,0.345,0.0081497,0.0585,2240706000000.0,0.0,1.0,0.0,0.0,0.0,1.0,Apollo,1.0,United States,0,1,1,0,5,2,0
7,yandex.ru/search/?text=cats,Computers Electronics and Technology,Search Engines,9.0,3.0,3225000000.0,207400000.0,539.0,8.96,0.2476,0.502,0.498,0.0070143,0.0298,1738275000000.0,0.0,0.0,0.0,0.0,0.0,1.0,Yandex,1.0,Russia,0,2,2,2,0,6,6
10,amazon.com,Ecommerce and Shopping,Marketplace,12.0,1.0,2394000000.0,449400000.0,427.0,9.64,0.3433,0.647,0.353,0.0052069,0.1392,1022238000000.0,0.0,1.0,1.0,0.0,0.0,0.0,Amazon,1.0,United States,0,1,1,0,2,0,3
14,tiktok.com,Computers Electronics and Technology,Social Networks and Online Communities,14.0,5.0,2235000000.0,806100000.0,223.0,7.42,0.3675,0.208,0.792,0.0048611,0.0442,498405000000.0,0.0,0.0,1.0,0.0,0.0,1.0,ByteDance,1.0,China,0,2,2,2,0,6,6
18,yahoo.co.jp,News and Media,News and Media,16.0,2.0,2035000000.0,87510000.0,560.0,6.34,0.3066,0.313,0.687,0.0044261,0.0318,1139600000000.0,0.0,1.0,0.0,0.0,0.0,1.0,SoftBank,1.0,Japan,0,1,1,0,5,2,0
17,reddit.com,Computers Electronics and Technology,Social Networks and Online Communities,18.0,6.0,1863000000.0,265600000.0,502.0,6.17,0.3973,0.608,0.392,0.004052,0.0368,935226000000.0,0.0,0.0,1.0,0.0,0.0,1.0,Reddit,1.0,United States,0,2,2,2,0,6,6
26,docomo.ne.jp,Computers Electronics and Technology,Telecommunications,19.0,1.0,1801000000.0,89290000.0,341.0,4.77,0.2732,0.016,0.984,0.0039171,0.2945,614141000000.0,0.0,1.0,0.0,0.0,0.0,0.0,NTT,1.0,Japan,0,1,1,0,2,0,3
32,dzen.ru,Community and Society,Community and Society - Other,25.0,1.0,1394000000.0,152700000.0,548.0,4.95,0.3705,0.398,0.602,0.0030319,0.9929,763912000000.0,0.0,0.0,1.0,0.0,0.0,1.0,VK,1.0,Russia,0,2,2,2,0,6,6
28,bing.com/search?q=cats,Computers Electronics and Technology,Search Engines,27.0,4.0,1238000000.0,137100000.0,416.0,6.06,0.3019,0.656,0.344,0.0026926,0.0115,515008000000.0,0.0,0.0,0.0,0.0,0.0,1.0,Microsoft,1.0,United States,0,2,2,2,0,6,6
36,samsung.com,Computers Electronics and Technology,Consumer Electronics,28.0,1.0,1230000000.0,305500000.0,155.0,2.46,0.5359,0.041,0.959,0.0026752,0.2382,190650000000.0,0.0,1.0,0.0,0.0,0.0,0.0,Samsung,1.0,South Korea,0,1,1,0,2,0,3
23,bilibili.com,Arts and Entertainment,Animation and Comics,29.0,1.0,1200000000.0,91220000.0,1221.0,12.49,0.1424,0.894,0.106,0.00261,0.1417,1465200000000.0,0.0,,1.0,0.0,0.0,1.0,Bilibili,1.0,China,0,2,2,2,0,6,6
25,naver.com,News and Media,News and Media,31.0,3.0,1177000000.0,42500000.0,958.0,11.61,0.2587,0.462,0.538,0.00256,0.0184,1127566000000.0,0.0,0.0,1.0,0.0,0.0,1.0,Naver,1.0,South Korea,0,2,2,2,0,6,6
47,weather.com,Science and Education,Weather,33.0,1.0,1123000000.0,324500000.0,57.0,1.99,0.3807,0.1,0.9,0.0024425,0.2998,64011000000.0,0.0,1.0,0.0,0.0,0.0,0.0,IBM,1.0,United States,0,1,1,0,2,0,3
27,pinterest.com/search/pins/?q=cats,Computers Electronics and Technology,Social Networks and Online Communities,34.0,9.0,1082000000.0,418400000.0,357.0,6.26,0.4095,0.39,0.61,0.0023533,0.0214,386274000000.0,0.0,0.0,1.0,0.0,0.0,1.0,Pinterest,1.0,United States,0,2,2,2,0,6,6
53,twitch.tv,Games,Video Games Consoles and Accessories,36.0,1.0,1038000000.0,72000000.0,550.0,3.99,0.2867,0.892,0.108,0.0022576,0.0703,570900000000.0,0.0,0.0,1.0,0.0,0.0,1.0,Amazon,1.0,United States,0,2,2,2,0,6,6
38,turbopages.org,News and Media,News and Media,37.0,4.0,995300000.0,305300000.0,82.0,3.51,0.2137,0.015,0.985,0.0021648,0.0155,81614600000.0,,,,,,,,,,0,2,2,2,0,6,6
34,microsoft.com,Computers Electronics and Technology,Programming and Developer Software,39.0,3.0,977800000.0,338600000.0,250.0,3.7,0.4718,0.763,0.237,0.0021267,0.0642,244450000000.0,0.0,1.0,0.0,0.0,0.0,0.0,Microsoft,1.0,United States,0,1,1,0,2,0,3
41,duckduckgo.com/?q=cats,Computers Electronics and Technology,Search Engines,41.0,5.0,806100000.0,42810000.0,523.0,6.98,0.1124,0.539,0.461,0.0017533,0.0075,421590300000.0,0.0,0.0,0.0,0.0,0.0,1.0,DuckDuckGo,1.0,United States,0,2,2,2,0,6,6
55,qq.com,News and Media,News and Media,42.0,5.0,790700000.0,177900000.0,205.0,3.08,0.4716,0.498,0.502,0.0017198,0.0123,162093500000.0,0.0,,1.0,0.0,0.0,1.0,Tencent,1.0,China,0,2,2,2,0,6,6
54,fandom.com,Arts and Entertainment,Arts and Entertainment - Other,47.0,1.0,726900000.0,164400000.0,306.0,4.53,0.4831,0.392,0.608,0.001581,0.0961,222431400000.0,0.0,1.0,1.0,0.0,0.0,1.0,TGP,1.0,United States,0,1,1,0,5,2,0
77,globo.com,News and Media,News and Media,48.0,6.0,723200000.0,85640000.0,254.0,2.5,0.4633,0.238,0.762,0.0015729,0.0113,183692800000.0,0.0,1.0,0.0,0.0,0.0,1.0,Globo,1.0,Brazil,0,1,1,0,5,2,0
