url,link_kind,seed_domain,country_rank,sector,industry,same_host_link_count,sampled_from_homepage
https://google.com/search?q=cats,homepage,https://google.com/search?q=cats,1,Computers Electronics and Technology,Search Engines,6,https://google.com/search?q=cats
https://www.google.com/preferences,sampled_internal,https://google.com/search?q=cats,1,Computers Electronics and Technology,Search Engines,6,https://google.com/search?q=cats
http://www.google.com/search,sampled_internal,https://google.com/search?q=cats,1,Computers Electronics and Technology,Search Engines,6,https://google.com/search?q=cats
https://www.google.com/search,sampled_internal,https://google.com/search?q=cats,1,Computers Electronics and Technology,Search Engines,6,https://google.com/search?q=cats
https://youtube.com/results?search_query=cats,homepage,https://youtube.com/results?search_query=cats,2,Arts and Entertainment,TV Movies and Streaming,48,https://youtube.com/results?search_query=cats
https://www.youtube.com/@catspets555,sampled_internal,https://youtube.com/results?search_query=cats,2,Arts and Entertainment,TV Movies and Streaming,48,https://youtube.com/results?search_query=cats
https://www.youtube.com/@CaDAnimals,sampled_internal,https://youtube.com/results?search_query=cats,2,Arts and Entertainment,TV Movies and Streaming,48,https://youtube.com/results?search_query=cats
https://www.youtube.com/shorts/UUqUlwi7Qdc,sampled_internal,https://youtube.com/results?search_query=cats,2,Arts and Entertainment,TV Movies and Streaming,48,https://youtube.com/results?search_query=cats
https://baidu.com/s?wd=cats,homepage,https://baidu.com/s?wd=cats,6,Computers Electronics and Technology,Search Engines,6,https://baidu.com/s?wd=cats
https://www.baidu.com/s,sampled_internal,https://baidu.com/s?wd=cats,6,Computers Electronics and Technology,Search Engines,6,https://baidu.com/s?wd=cats
https://www.baidu.com,sampled_internal,https://baidu.com/s?wd=cats,6,Computers Electronics and Technology,Search Engines,6,https://baidu.com/s?wd=cats
http://www.baidu.com/more,sampled_internal,https://baidu.com/s?wd=cats,6,Computers Electronics and Technology,Search Engines,6,https://baidu.com/s?wd=cats
https://en.wikipedia.org,homepage,https://en.wikipedia.org,8,Reference Materials,Dictionaries and Encyclopedias,166,https://en.wikipedia.org
https://en.wikipedia.org/wiki/File:Shannen_Doherty.jpg,sampled_internal,https://en.wikipedia.org,8,Reference Materials,Dictionaries and Encyclopedias,166,https://en.wikipedia.org
https://en.wikipedia.org/wiki/Ronald_dela_Rosa,sampled_internal,https://en.wikipedia.org,8,Reference Materials,Dictionaries and Encyclopedias,166,https://en.wikipedia.org
https://en.wikipedia.org/wiki/Ottoman_Empire,sampled_internal,https://en.wikipedia.org,8,Reference Materials,Dictionaries and Encyclopedias,166,https://en.wikipedia.org
https://yahoo.com,homepage,https://yahoo.com,12,News and Media,News and Media,48,https://yahoo.com
https://www.yahoo.com/news/articles/what-to-know-about-mackenzie-shirilla-the-ohio-teen-who-killed-her-boyfriend-and-his-friend-in-100-mph-crash-132114440.html,sampled_internal,https://yahoo.com,12,News and Media,News and Media,48,https://yahoo.com
https://www.yahoo.com/news/articles/eurovision-song-contest-final-takes-040739077.html,sampled_internal,https://yahoo.com,12,News and Media,News and Media,48,https://yahoo.com
https://www.yahoo.com/news/articles/republican-cassidy-faces-trump-retribution-101005961.html,sampled_internal,https://yahoo.com,12,News and Media,News and Media,48,https://yahoo.com
https://yandex.ru/search/?text=cats,homepage,https://yandex.ru/search/?text=cats,7,Computers Electronics and Technology,Search Engines,27,https://yandex.ru/search/?text=cats
https://yandex.ru/support/search/ru/alice,sampled_internal,https://yandex.ru/search/?text=cats,7,Computers Electronics and Technology,Search Engines,27,https://yandex.ru/search/?text=cats
https://yandex.ru/maps,sampled_internal,https://yandex.ru/search/?text=cats,7,Computers Electronics and Technology,Search Engines,27,https://yandex.ru/search/?text=cats
https://yandex.ru/legal/termsofuse,sampled_internal,https://yandex.ru/search/?text=cats,7,Computers Electronics and Technology,Search Engines,27,https://yandex.ru/search/?text=cats
https://amazon.com,homepage,https://amazon.com,10,Ecommerce and Shopping,Marketplace,214,https://amazon.com
https://www.amazon.com/Het-Systeem-Samenleving-Systemisch-Management/dp/B0GQZNP25H,sampled_internal,https://amazon.com,10,Ecommerce and Shopping,Marketplace,214,https://amazon.com
https://www.amazon.com/Sampeel-Palazzo-Vacation-Clothes-Clothing/dp/B0FP5BYXVR,sampled_internal,https://amazon.com,10,Ecommerce and Shopping,Marketplace,214,https://amazon.com
https://www.amazon.com/Z-Marriage-Kingsley-Mildred-Okonkwo/dp/B0BXMWWB1N,sampled_internal,https://amazon.com,10,Ecommerce and Shopping,Marketplace,214,https://amazon.com
https://tiktok.com,homepage,https://tiktok.com,14,Computers Electronics and Technology,Social Networks and Online Communities,28,https://tiktok.com
https://www.tiktok.com/music/original-sound-Lyly's-Kitchen-%D9%85%D8%B7%D8%A8%D8%AE-%D9%84%D9%8A%D9%84%D9%8A-7610878464053119765,sampled_internal,https://tiktok.com,14,Computers Electronics and Technology,Social Networks and Online Communities,28,https://tiktok.com
https://www.tiktok.com/@,sampled_internal,https://tiktok.com,14,Computers Electronics and Technology,Social Networks and Online Communities,28,https://tiktok.com
https://www.tiktok.com/tag/motivation,sampled_internal,https://tiktok.com,14,Computers Electronics and Technology,Social Networks and Online Communities,28,https://tiktok.com
https://yahoo.co.jp,homepage,https://yahoo.co.jp,18,News and Media,News and Media,0,https://yahoo.co.jp
https://reddit.com,homepage,https://reddit.com,17,Computers Electronics and Technology,Social Networks and Online Communities,1,https://reddit.com
https://www.reddit.com/login,sampled_internal,https://reddit.com,17,Computers Electronics and Technology,Social Networks and Online Communities,1,https://reddit.com
https://docomo.ne.jp,homepage,https://docomo.ne.jp,26,Computers Electronics and Technology,Telecommunications,0,https://docomo.ne.jp
https://dzen.ru,homepage,https://dzen.ru,32,Community and Society,Community and Society - Other,74,https://dzen.ru
https://dzen.ru/tricolor_sport,sampled_internal,https://dzen.ru,32,Community and Society,Community and Society - Other,74,https://dzen.ru
https://dzen.ru/news/story/f47c6f01-9d59-56ff-81b6-6c4c0aee8fb8,sampled_internal,https://dzen.ru,32,Community and Society,Community and Society - Other,74,https://dzen.ru
https://dzen.ru/pogoda/213,sampled_internal,https://dzen.ru,32,Community and Society,Community and Society - Other,74,https://dzen.ru
https://bing.com/search?q=cats,homepage,https://bing.com/search?q=cats,28,Computers Electronics and Technology,Search Engines,5,https://bing.com/search?q=cats
https://www.bing.com/images,sampled_internal,https://bing.com/search?q=cats,28,Computers Electronics and Technology,Search Engines,5,https://bing.com/search?q=cats
https://www.bing.com,sampled_internal,https://bing.com/search?q=cats,28,Computers Electronics and Technology,Search Engines,5,https://bing.com/search?q=cats
https://www.bing.com/ck/a,sampled_internal,https://bing.com/search?q=cats,28,Computers Electronics and Technology,Search Engines,5,https://bing.com/search?q=cats
https://samsung.com,homepage,https://samsung.com,36,Computers Electronics and Technology,Consumer Electronics,150,https://samsung.com
https://www.samsung.com/nl/shop-faq/payment-and-financing,sampled_internal,https://samsung.com,36,Computers Electronics and Technology,Consumer Electronics,150,https://samsung.com
https://www.samsung.com/nl/one-ui,sampled_internal,https://samsung.com,36,Computers Electronics and Technology,Consumer Electronics,150,https://samsung.com
https://www.samsung.com/nl/vacuum-cleaners/robot,sampled_internal,https://samsung.com,36,Computers Electronics and Technology,Consumer Electronics,150,https://samsung.com
https://bilibili.com,homepage,https://bilibili.com,23,Arts and Entertainment,Animation and Comics,64,https://bilibili.com
https://www.bilibili.com/blackboard/activity-5zJxM3spoS.html,sampled_internal,https://bilibili.com,23,Arts and Entertainment,Animation and Comics,64,https://bilibili.com
https://www.bilibili.com/documentary,sampled_internal,https://bilibili.com,23,Arts and Entertainment,Animation and Comics,64,https://bilibili.com
https://www.bilibili.com/c/car,sampled_internal,https://bilibili.com,23,Arts and Entertainment,Animation and Comics,64,https://bilibili.com
https://naver.com,homepage,https://naver.com,25,News and Media,News and Media,6,https://naver.com
https://www.naver.com/policy/youthpolicy.html,sampled_internal,https://naver.com,25,News and Media,News and Media,6,https://naver.com
https://www.naver.com/policy/service.html,sampled_internal,https://naver.com,25,News and Media,News and Media,6,https://naver.com
https://www.naver.com/more.html,sampled_internal,https://naver.com,25,News and Media,News and Media,6,https://naver.com
https://weather.com,homepage,https://weather.com,47,Science and Education,Weather,249,https://weather.com
https://weather.com/pt-BR,sampled_internal,https://weather.com,47,Science and Education,Weather,249,https://weather.com
https://weather.com/zh-CN,sampled_internal,https://weather.com,47,Science and Education,Weather,249,https://weather.com
https://weather.com/es-SV,sampled_internal,https://weather.com,47,Science and Education,Weather,249,https://weather.com
https://pinterest.com,homepage,https://pinterest.com,27,Computers Electronics and Technology,Social Networks and Online Communities,13,https://pinterest.com
https://www.pinterest.com/html_sitemap/shopping_0.html,sampled_internal,https://pinterest.com,27,Computers Electronics and Technology,Social Networks and Online Communities,13,https://pinterest.com
https://www.pinterest.com/_/_/about,sampled_internal,https://pinterest.com,27,Computers Electronics and Technology,Social Networks and Online Communities,13,https://pinterest.com
https://www.pinterest.com/_/_/policy/terms-of-service,sampled_internal,https://pinterest.com,27,Computers Electronics and Technology,Social Networks and Online Communities,13,https://pinterest.com
https://twitch.tv,homepage,https://twitch.tv,53,Games,Video Games Consoles and Accessories,43,https://twitch.tv
https://www.twitch.tv/directory/all/tags/CatSnake,sampled_internal,https://twitch.tv,53,Games,Video Games Consoles and Accessories,43,https://twitch.tv
https://www.twitch.tv/lilsimsie,sampled_internal,https://twitch.tv,53,Games,Video Games Consoles and Accessories,43,https://twitch.tv
https://www.twitch.tv/caedrel247,sampled_internal,https://twitch.tv,53,Games,Video Games Consoles and Accessories,43,https://twitch.tv
https://turbopages.org,homepage,https://turbopages.org,38,News and Media,News and Media,0,https://turbopages.org
https://microsoft.com,homepage,https://microsoft.com,34,Computers Electronics and Technology,Programming and Developer Software,61,https://microsoft.com
https://www.microsoft.com/nl-nl/d/surface-pro-voor-zakelijk-gebruik-copilot-pc-intel/8qfmn9xp1rl9,sampled_internal,https://microsoft.com,34,Computers Electronics and Technology,Programming and Developer Software,61,https://microsoft.com
https://www.microsoft.com/nl-nl/store/top-paid/games/xbox,sampled_internal,https://microsoft.com,34,Computers Electronics and Technology,Programming and Developer Software,61,https://microsoft.com
https://www.microsoft.com/nl-nl/edge,sampled_internal,https://microsoft.com,34,Computers Electronics and Technology,Programming and Developer Software,61,https://microsoft.com
https://duckduckgo.com/?q=cats,homepage,https://duckduckgo.com/?q=cats,41,Computers Electronics and Technology,Search Engines,21,https://duckduckgo.com/?q=cats
https://duckduckgo.com/email,sampled_internal,https://duckduckgo.com/?q=cats,41,Computers Electronics and Technology,Search Engines,21,https://duckduckgo.com/?q=cats
https://duckduckgo.com/duckduckgo-help-pages/results/how-to-filter-out-ai-images-in-duckduckgo-search-results,sampled_internal,https://duckduckgo.com/?q=cats,41,Computers Electronics and Technology,Search Engines,21,https://duckduckgo.com/?q=cats
https://duckduckgo.com/about,sampled_internal,https://duckduckgo.com/?q=cats,41,Computers Electronics and Technology,Search Engines,21,https://duckduckgo.com/?q=cats
https://qq.com,homepage,https://qq.com,55,News and Media,News and Media,1,https://qq.com
https://fandom.com,homepage,https://fandom.com,54,Arts and Entertainment,Arts and Entertainment - Other,19,https://fandom.com
https://www.fandom.com/careers,sampled_internal,https://fandom.com,54,Arts and Entertainment,Arts and Entertainment - Other,19,https://fandom.com
https://www.fandom.com/what-is-fandom,sampled_internal,https://fandom.com,54,Arts and Entertainment,Arts and Entertainment - Other,19,https://fandom.com
https://www.fandom.com/f,sampled_internal,https://fandom.com,54,Arts and Entertainment,Arts and Entertainment - Other,19,https://fandom.com
https://globo.com,homepage,https://globo.com,77,News and Media,News and Media,3,https://globo.com
https://www.globo.com/podcasts,sampled_internal,https://globo.com,77,News and Media,News and Media,3,https://globo.com
https://www.globo.com/todos-os-sites,sampled_internal,https://globo.com,77,News and Media,News and Media,3,https://globo.com
